Origen Base Antigua,ID,Nombre Completo,Familia / Apoderado,Instrumento,Nivel,Profesor Asignado,Modalidad,Estado Histórico,Categoría Edad,Edad,Teléfono,Email,Fecha Nacimiento,Plan,Precio Plan (PEN),Monto Abonado (PEN),Saldo Pendiente (PEN),Estado Pago,Medio Pago Habitual,Fecha Matrícula,Fecha Inicio,Fecha Fin,Costo Pack Útiles,Estado Pack Útiles,Notas / Observaciones del Profesor,Récord Junio,Récord Julio,Récord Agosto,Récord Septiembre,Récord Octubre,Récord Noviembre,Récord Diciembre
"Control Pagos Excel","as-cp-1","Ticona Cachay, Jonathan","Familia Ticona Cachay","Canto","Nivel 2","Nathaly","Paquete Flexible (A demanda)","activo","ADULTO","37","962386336","alumno_1@vibramusic.pe","15 de Setiembre","Paquete Flexible","500","500","0","al-dia","Yape / Plin","Ago 2026","2026-08-18","2026-12-31","67","pendiente","Ex-alumno de Alex. Paquete Flexible 24 clases a demanda por S/ 500 pagado el 20/08/2026. Vigencia por clases terminadas.","297","297","297","","pendiente","pendiente","pendiente"
"Control Pagos Excel","as-cp-2","Conislla Huerta, Iker Samín","Familia Conislla Huerta","Piano Infantil","Iniciación Musical","Nathaly","Regular (8 clases / 45 min)","activo","INFANTIL","6","994827408","alumno_2@vibramusic.pe","15 de Noviembre","Trimestral","261.4","0","261.4","al-dia","Yape / Plin","Ago 2026","2026-08-01","2026-10-31","67","pendiente","Valor con Video","297","297","261.4","","pendiente","pendiente","pendiente"
"Control Pagos Excel","as-cp-3","De La Cruz Pucyura, Carlomagno Tomas","Familia De La Cruz Pucyura","Piano","Nivel 1","Fernando","Regular (8 clases / 45 min)","baja","JUNIOR","7","990621266","alumno_3@vibramusic.pe","15 de Marzo","Mensual","297","0","0","pendiente","Yape / Plin","Ago 2026","2026-08-01","2026-08-31","67","pendiente","Valor con Video","297","297","297","","pendiente","pendiente","pendiente"
"Control Pagos Excel","as-cp-4","Sanchez Justa, Johandry Henry","Familia Sanchez Justa","Batería","Nivel 2","Jeremy","Regular (8 clases / 45 min)","activo","JUVENIL","16","900617145","alumno_4@vibramusic.pe","15 de Octubre","Mensual","297","0","297","al-dia","Yape / Plin","Ago 2026","2026-08-01","2026-08-31","67","pendiente","","297","297","297","","pendiente","pendiente","pendiente"
"Control Pagos Excel","as-cp-5","Meza Llallahui, Andrea Fernanda","Familia Meza Llallahui","Batería","Nivel 2","Jeremy","Regular (8 clases / 45 min)","activo","ADULTO","24","930182010","alumno_5@vibramusic.pe","15 de Mayo","Mensual","297","0","297","al-dia","Yape / Plin","Ago 2026","2026-08-01","2026-08-31","67","pendiente","Valor con Video","297","297","297","","pendiente","pendiente","pendiente"
"Control Pagos Excel","as-cp-6","Huerta Mitma, Juan Diego","Familia Huerta Mitma","Guitarra clásica","Nivel 1","Jeremy","Regular (8 clases / 45 min)","activo","JUNIOR","9","997549474","alumno_6@vibramusic.pe","15 de Diciembre","Mensual","297","0","297","al-dia","Yape / Plin","Ago 2026","2026-08-01","2026-08-31","67","pendiente","Blog Beneficios","297","297","297","","pendiente","pendiente","pendiente"
"Control Pagos Excel","as-cp-7","Álvares Galarreta, Gabriel Fabiano","Familia Álvares Galarreta","Batería","Nivel 2","Jeremy","Regular (8 clases / 45 min)","activo","JUNIOR","12","975687085","alumno_7@vibramusic.pe","15 de Noviembre","Mensual","297","0","297","al-dia","Yape / Plin","Ago 2026","2026-08-01","2026-08-31","67","pendiente","","297","297","297","","pendiente","pendiente","pendiente"
"Control Pagos Excel","as-cp-8","Anton, Junior Gabriel","Familia Anton","Batería","Nivel 2","Jeremy","Regular (8 clases / 45 min)","activo","JUVENIL","14","977783340","alumno_8@vibramusic.pe","15 de Mayo","Trimestral","261.4","0","261.4","al-dia","Yape / Plin","Ago 2026","2026-08-01","2026-10-31","67","pendiente","","297","297","261.4","","pendiente","pendiente","pendiente"
"Control Pagos Excel","as-cp-9","Anton, Uriel","Familia Anton","Batería","Nivel 1","Jeremy","Regular (8 clases / 45 min)","activo","JUNIOR","10","977783340","alumno_9@vibramusic.pe","15 de Marzo","Trimestral","261.4","0","261.4","al-dia","Yape / Plin","Ago 2026","2026-08-01","2026-10-31","67","pendiente","","297","297","261.4","","pendiente","pendiente","pendiente"
"Control Pagos Excel","as-cp-10","Bellido Alvan, Mia Lucero","Familia Bellido Alvan","Canto","Nivel 1","Nathaly","Regular (8 clases / 45 min)","activo","JUNIOR","8","934106343","alumno_10@vibramusic.pe","15 de Agosto","Mensual","297","0","297","al-dia","Yape / Plin","Ago 2026","2026-08-01","2026-08-31","67","pendiente","","297","297","297","","pendiente","pendiente","pendiente"
"Control Pagos Excel","as-cp-11","Chapi, Eitan Anton","Familia Chapi","Piano","Nivel 2","Fernando","Regular (8 clases / 45 min)","activo","JUNIOR","12","977783340","alumno_11@vibramusic.pe","15 de Junio","Trimestral","261.4","0","261.4","al-dia","Yape / Plin","Ago 2026","2026-08-01","2026-10-31","67","pendiente","Blog Beneficios","297","297","261.4","","pendiente","pendiente","pendiente"
"Control Pagos Excel","as-cp-12","De La Cruz Huapaya, Romina Nathaly","Familia De La Cruz Huapaya","Guitarra clásica","Nivel 2","Jeremy","Regular (8 clases / 45 min)","baja","JUVENIL","14","956249085","alumno_12@vibramusic.pe","15 de Diciembre","Mensual","297","0","0","pendiente","Yape / Plin","Ago 2026","2026-08-01","2026-08-31","67","pendiente","Blog Beneficios","297","297","297","","pendiente","pendiente","pendiente"
"Control Pagos Excel","as-cp-13","Sofía Valentina Conde","Familia Valentina Conde","Canto","Nivel 1","Nathaly","Regular (8 clases / 45 min)","activo","JUNIOR","9","996087235","alumno_13@vibramusic.pe","15 de Abril","Mensual","297","0","297","al-dia","Yape / Plin","Ago 2026","2026-08-01","2026-08-31","67","pendiente","","297","297","297","","pendiente","pendiente","pendiente"
"Control Pagos Excel","as-cp-14","Ethan Paolo Jara Saldarriaga","Familia Jara Saldarriaga","Piano Infantil","Iniciación Musical","Nathaly","Regular (8 clases / 45 min)","activo","INFANTIL","6","984309257","alumno_14@vibramusic.pe","15 de Setiembre","Mensual","297","0","297","al-dia","Yape / Plin","Ago 2026","2026-08-01","2026-08-31","67","pendiente","Valor con Video","297","297","297","","pendiente","pendiente","pendiente"
"Control Pagos Excel","as-cp-15","Joshua Leon Gonzales","Familia Leon Gonzales","Guitarra clásica","Nivel 2","Jeremy","Regular (8 clases / 45 min)","activo","ADULTO","25","918148199","alumno_15@vibramusic.pe","15 de Setiembre","Mensual","297","0","297","al-dia","Yape / Plin","Ago 2026","2026-08-01","2026-08-31","67","pendiente","Blog Beneficios","297","297","297","","pendiente","pendiente","pendiente"
"Control Pagos Excel","as-cp-16","Jhosua Ruben Meza Salome","Familia Meza Salome","Guitarra clásica","Nivel 2","Jeremy","Regular (8 clases / 45 min)","baja","JUVENIL","13","934715287","alumno_16@vibramusic.pe","15 de Junio","Mensual","297","0","0","pendiente","Yape / Plin","Ago 2026","2026-08-01","2026-08-31","67","pendiente","Blog Beneficios","297","297","297","","pendiente","pendiente","pendiente"
"Control Pagos Excel","as-cp-17","Miguel Angel Miranda Aquino","Familia Miranda Aquino","Piano","Nivel 2","Fernando","Regular (8 clases / 45 min)","activo","ADULTO","19","962039082","alumno_17@vibramusic.pe","15 de Diciembre","Mensual","297","0","297","al-dia","Yape / Plin","Ago 2026","2026-08-01","2026-08-31","67","pendiente","Blog Beneficios","297","297","297","","pendiente","pendiente","pendiente"
"Control Pagos Excel","as-cp-18","Juan Mateo Azael Pariona Pumahuillca","Familia Pariona Pumahuillca","Canto","Nivel 2","Nathaly","Regular (8 clases / 45 min)","activo","JUNIOR","12","989726595","alumno_18@vibramusic.pe","15 de Noviembre","Mensual","297","0","297","al-dia","Yape / Plin","Ago 2026","2026-08-01","2026-08-31","67","pendiente","","297","297","297","","pendiente","pendiente","pendiente"
"Control Pagos Excel","as-cp-19","Liam Jesús Sanches Sanchez","Familia Sanches Sanchez","Piano","Nivel 1","Fernando","Regular (8 clases / 45 min)","activo","JUNIOR","10","924265315","alumno_19@vibramusic.pe","15 de Julio","Mensual","297","0","297","al-dia","Yape / Plin","Ago 2026","2026-08-01","2026-08-31","67","pendiente","Blog Beneficios","297","297","297","","pendiente","pendiente","pendiente"
"Control Pagos Excel","as-cp-20","Yamir Suarez Salazar","Familia Suarez Salazar","Guitarra clásica","Nivel 2","Jeremy","Regular (8 clases / 45 min)","activo","JUVENIL","17","985501740","alumno_20@vibramusic.pe","15 de Agosto","Mensual","297","0","297","al-dia","Yape / Plin","Ago 2026","2026-08-01","2026-08-31","67","pendiente","Blog Beneficios","297","297","297","","pendiente","pendiente","pendiente"
"Control Pagos Excel","as-cp-21","Stefano Yrco Samaniego","Familia Yrco Samaniego","Batería","Nivel 1","Jeremy","Regular (8 clases / 45 min)","activo","JUNIOR","7","902211277","alumno_21@vibramusic.pe","15 de Setiembre","Mensual","297","0","297","al-dia","Yape / Plin","Ago 2026","2026-08-01","2026-08-31","67","pendiente","","297","297","297","","pendiente","pendiente","pendiente"
"Control Pagos Excel","as-cp-22","Irribarren Paz, Francesco","Familia Irribarren Paz","Piano","Nivel 1","Fernando","Regular (8 clases / 45 min)","activo","JUNIOR","10","916704270","alumno_22@vibramusic.pe","15 de Diciembre","Mensual","297","0","297","al-dia","Yape / Plin","Ago 2026","2026-08-01","2026-08-31","67","pendiente","Blog Beneficios","297","297","297","","pendiente","pendiente","pendiente"
"Control Pagos Excel","as-cp-23","Castillo Bueno, Mathew","Familia Castillo Bueno","Piano","Nivel 1","Fernando","Regular (8 clases / 45 min)","activo","JUNIOR","9","932133618","alumno_23@vibramusic.pe","15 de Octubre","Mensual","297","0","297","al-dia","Yape / Plin","Ago 2026","2026-08-01","2026-08-31","67","pendiente","Blog Beneficios","297","297","297","","pendiente","pendiente","pendiente"
"Control Pagos Excel","as-cp-24","Pineda Espinoza, Alonso","Familia Pineda Espinoza","Piano","Nivel 1","Fernando","Regular (8 clases / 45 min)","baja","JUNIOR","7","984384180","alumno_24@vibramusic.pe","15 de Enero","Mensual","297","0","0","pendiente","Yape / Plin","Ago 2026","2026-08-01","2026-08-31","67","pendiente","Blog Beneficios","297","297","297","","pendiente","pendiente","pendiente"
"Control Pagos Excel","as-cp-25","Moscoso Valentin, Yuriana","Familia Moscoso Valentin","Piano","Nivel 1","Fernando","Regular (8 clases / 45 min)","baja","JUNIOR","7","904781203","alumno_25@vibramusic.pe","15 de Agosto","Trimestral","261.4","0","0","pendiente","Yape / Plin","Ago 2026","2026-08-01","2026-10-31","67","pendiente","Blog Beneficios","297","297","261.4","","pendiente","pendiente","pendiente"
"Control Pagos Excel","as-cp-26","Valladolid Sanchez, Santiago Mathias","Familia Valladolid Sanchez","Batería","Nivel 1","Jeremy","Regular (8 clases / 45 min)","activo","JUNIOR","8","987921575","alumno_26@vibramusic.pe","15 de Julio","Mensual","297","0","297","al-dia","Yape / Plin","Ago 2026","2026-08-01","2026-08-31","67","pendiente","","297","297","297","","pendiente","pendiente","pendiente"
"Control Pagos Excel","as-cp-27","Verástegui Picón, Krizia Verónica","Familia Verástegui Picón","Guitarra clásica","Nivel 2","Jeremy","Regular (8 clases / 45 min)","activo","JUVENIL","13","941482574","alumno_27@vibramusic.pe","15 de Febrero","Trimestral","261.4","0","261.4","al-dia","Yape / Plin","Ago 2026","2026-08-01","2026-10-31","67","pendiente","Blog Beneficios","297","297","261.4","","pendiente","pendiente","pendiente"
"Control Pagos Excel","as-cp-28","Verástegui Picón, Thiago Manuel","Familia Verástegui Picón","Piano","Nivel 2","Fernando","Regular (8 clases / 45 min)","activo","JUVENIL","13","941482574","alumno_28@vibramusic.pe","15 de Febrero","Trimestral","261.4","0","261.4","al-dia","Yape / Plin","Ago 2026","2026-08-01","2026-10-31","67","pendiente","Blog Beneficios","297","297","261.4","","pendiente","pendiente","pendiente"
"Control Pagos Excel","as-cp-29","Gonzales Cuba, Jose Angel","Familia Gonzales Cuba","Guitarra clásica","Nivel 2","Jeremy","Regular (8 clases / 45 min)","baja","ADULTO","21","992872645","alumno_29@vibramusic.pe","15 de Octubre","Mensual","297","0","0","pendiente","Yape / Plin","Ago 2026","2026-08-01","2026-08-31","67","pendiente","","297","297","297","","pendiente","pendiente","pendiente"
"Control Pagos Excel","as-cp-30","Pérez Huamancha, Dylan","Familia Pérez Huamancha","Canto","Nivel 2","Nathaly","Regular (8 clases / 45 min)","baja","JUNIOR","11","982119525","alumno_30@vibramusic.pe","15 de Agosto","Mensual","297","0","0","pendiente","Yape / Plin","Ago 2026","2026-08-01","2026-08-31","67","pendiente","","297","297","297","","pendiente","pendiente","pendiente"
"Control Pagos Excel","as-cp-31","Joan Paolo Rodriguez","Familia Paolo Rodriguez","Canto","Nivel 2","Nathaly","Regular (8 clases / 45 min)","activo","ADULTO","44","920085424","alumno_31@vibramusic.pe","15 de Abril","Mensual","297","0","297","al-dia","Yape / Plin","Ago 2026","2026-08-01","2026-08-31","67","pendiente","","297","297","297","","pendiente","pendiente","pendiente"
"Control Pagos Excel","as-cp-32","Adonis Yeret,Tocas Vasquez","Familia Adonis Yeret","Piano","Nivel 2","Fernando","Regular (8 clases / 45 min)","activo","ADULTO","20","994010377","alumno_32@vibramusic.pe","15 de Abril","Mensual","297","0","297","al-dia","Yape / Plin","Ago 2026","2026-08-01","2026-08-31","67","pendiente","","297","297","297","","pendiente","pendiente","pendiente"
"Control Pagos Excel","as-cp-33","Edward Rios de la Cruz","Familia la Cruz","Piano","Nivel 1","Fernando","Regular (8 clases / 45 min)","baja","JUNIOR","8","987654321","alumno_33@vibramusic.pe","15 de Agosto","Mensual","297","0","0","pendiente","Yape / Plin","Ago 2026","2026-08-01","2026-08-31","67","pendiente","","297","297","297","","pendiente","pendiente","pendiente"
"Control Pagos Excel","as-cp-34","García Zuñiga, Celeste Elizabeth","Familia García Zuñiga","Canto","Nivel 2","Nathaly","Regular (8 clases / 45 min)","activo","JUVENIL","16","968657514","alumno_34@vibramusic.pe","15 de Octubre","Mensual","297","0","297","al-dia","Yape / Plin","Ago 2026","2026-08-01","2026-08-31","67","pendiente","Valor con Video","297","297","297","","pendiente","pendiente","pendiente"
"Control Pagos Excel","as-cp-35","Matias Gabriel Quispe Vilcapoma","Familia Quispe Vilcapoma","Canto","Nivel 1","Nathaly","Regular (8 clases / 45 min)","activo","JUNIOR","8","989625788","alumno_35@vibramusic.pe","15 de Agosto","Mensual","297","0","297","al-dia","Yape / Plin","Ago 2026","2026-08-01","2026-08-31","67","pendiente","","297","297","297","","pendiente","pendiente","pendiente"
"Control Pagos Excel","as-cp-36","Luis Soto Soto","Familia Soto Soto","Guitarra clásica","Nivel 2","Jeremy","Regular (8 clases / 45 min)","activo","ADULTO","25","918148199","alumno_36@vibramusic.pe","15 de Setiembre","Mensual","297","0","297","al-dia","Yape / Plin","Ago 2026","2026-08-01","2026-08-31","67","pendiente","","297","297","297","","pendiente","pendiente","pendiente"
"Control Pagos Excel","as-cp-37","Ivana Soto Soto","Familia Soto Soto","Piano Infantil","Nivel 1","Nathaly","Regular (8 clases / 45 min)","activo","JUNIOR","8","946528367","alumno_37@vibramusic.pe","15 de Agosto","Mensual","297","0","297","al-dia","Yape / Plin","Ago 2026","2026-08-01","2026-08-31","67","pendiente","","297","297","297","","pendiente","pendiente","pendiente"
"Control Pagos Excel","as-cp-38","Llallahui Alvarado, Kenny Armando","Familia Llallahui Alvarado","Guitarra clásica","Nivel 1","Jeremy","Regular (8 clases / 45 min)","activo","JUNIOR","8","977931974","alumno_38@vibramusic.pe","15 de Agosto","Mensual","297","0","297","al-dia","Yape / Plin","Ago 2026","2026-08-01","2026-08-31","67","pendiente","","297","297","297","","pendiente","pendiente","pendiente"
"Control Pagos Excel","as-cp-39","Luciano Leonardo Franco Cabrera","Familia Franco Cabrera","Piano","Nivel 1","Fernando","Regular (8 clases / 45 min)","activo","JUNIOR","8","987427289","alumno_39@vibramusic.pe","15 de Agosto","Mensual","297","0","297","al-dia","Yape / Plin","Ago 2026","2026-08-01","2026-08-31","67","pendiente","","297","297","297","","pendiente","pendiente","pendiente"
"Control Pagos Excel","as-cp-40","Emmanuel Rospigliosi Gonzales","Familia Rospigliosi Gonzales","Guitarra clásica","Nivel 1","Jeremy","Regular (8 clases / 45 min)","activo","JUNIOR","10","940705701","alumno_40@vibramusic.pe","15 de Setiembre","Mensual","297","0","297","al-dia","Yape / Plin","Ago 2026","2026-08-01","2026-08-31","67","pendiente","","297","297","297","","pendiente","pendiente","pendiente"
"Control Pagos Excel","as-cp-41","Alexandra Maritza Rodríguez Guzmán","Familia Rodríguez Guzmán","Canto","Nivel 1","Nathaly","Regular (8 clases / 45 min)","baja","JUNIOR","8","941305165","alumno_41@vibramusic.pe","15 de Agosto","Mensual","297","0","0","pendiente","Yape / Plin","Ago 2026","2026-08-01","2026-08-31","67","pendiente","","297","297","297","","pendiente","pendiente","pendiente"
"Control Pagos Excel","as-cp-42","Sara Torres Leon","Familia Torres Leon","Canto","Nivel 2","Nathaly","Regular (8 clases / 45 min)","activo","ADULTO","49","912834887","alumno_42@vibramusic.pe","15 de Diciembre","Mensual","297","0","297","al-dia","Yape / Plin","Ago 2026","2026-08-01","2026-08-31","67","pendiente","","297","297","297","","pendiente","pendiente","pendiente"
"Control Pagos Excel","as-cp-51","Ethan Romero Manrique","Familia Romero Manrique","Piano","Nivel 1","Fernando","Regular (8 clases / 45 min)","activo","JUNIOR","8","923786068","alumno_51@vibramusic.pe","15 de Noviembre","Mensual","297","0","297","al-dia","Yape / Plin","Ago 2026","2026-08-01","2026-08-31","67","pendiente","","297","297","297","","pendiente","pendiente","pendiente"
"Control Pagos Excel","as-cp-44","Aithana Rivas Badajoz","Familia Rivas Badajoz","Piano Infantil","Nivel 1","Nathaly","Regular (8 clases / 45 min)","activo","JUNIOR","8","977528878","alumno_44@vibramusic.pe","15 de Julio","Mensual","297","0","297","al-dia","Yape / Plin","Ago 2026","2026-08-01","2026-08-31","67","pendiente","","297","297","297","","pendiente","pendiente","pendiente"
"Control Pagos Excel","as-cp-45","Yajaira Ayquipa","Familia Yajaira Ayquipa","Guitarra clásica","Nivel 2","Jeremy","Regular (8 clases / 45 min)","baja","JUNIOR","12","924868844","alumno_45@vibramusic.pe","15 de Junio","Mensual","297","0","0","pendiente","Yape / Plin","Ago 2026","2026-08-01","2026-08-31","67","pendiente","","297","297","297","","pendiente","pendiente","pendiente"
"Control Pagos Excel","as-cp-46","Kiara Mariños Huachahuilca","Familia Mariños Huachahuilca","Canto","Nivel 2","Nathaly","Regular (8 clases / 45 min)","activo","ADULTO","18","951058318","alumno_46@vibramusic.pe","15 de Junio","Mensual","297","0","297","al-dia","Yape / Plin","Ago 2026","2026-08-01","2026-08-31","67","pendiente","","297","297","297","","pendiente","pendiente","pendiente"
"Control Pagos Excel","as-cp-47","Zarate Alcarraz, Stephanie Abigail","Familia Zarate Alcarraz","Piano","Nivel 1","Fernando","Regular (8 clases / 45 min)","activo","JUNIOR","8","970090351","alumno_47@vibramusic.pe","15 de Agosto","Mensual","297","0","297","al-dia","Yape / Plin","Ago 2026","2026-08-01","2026-08-31","67","pendiente","","297","297","297","","pendiente","pendiente","pendiente"
"Control Pagos Excel","as-cp-48","Layla Mariapaula Florindez Alguilar","Familia Florindez Alguilar","Piano","Nivel 1","Fernando","Regular (8 clases / 45 min)","activo","JUNIOR","8","934563643","alumno_48@vibramusic.pe","15 de Junio","Mensual","297","0","297","al-dia","Yape / Plin","Ago 2026","2026-08-01","2026-08-31","67","pendiente","","297","297","297","","pendiente","pendiente","pendiente"
"Control Pagos Excel","as-cp-49","Eithan David Florindez Alguilar","Familia Florindez Alguilar","Violín","Iniciación Musical","Fernando","Regular (8 clases / 45 min)","activo","INFANTIL","6","934563643","alumno_49@vibramusic.pe","15 de Marzo","Mensual","297","0","297","al-dia","Yape / Plin","Ago 2026","2026-08-01","2026-08-31","67","pendiente","","297","297","297","","pendiente","pendiente","pendiente"
"Control Pagos Excel","as-cp-50","Juan Diego Flores","Familia Diego Flores","Guitarra clásica","Nivel 1","Jeremy","Regular (8 clases / 45 min)","baja","JUNIOR","9","996288151","alumno_50@vibramusic.pe","15 de Enero","Mensual","297","0","0","pendiente","Yape / Plin","Ago 2026","2026-08-01","2026-08-31","67","pendiente","","297","297","297","","pendiente","pendiente","pendiente"
"Control Pagos Excel","as-cp-52","Francezca Esther","Familia Francezca Esther","Piano Infantil","Iniciación Musical","Nathaly","Regular (8 clases / 45 min)","activo","INFANTIL","5","987654321","alumno_52@vibramusic.pe","15 de Abril","Mensual","297","0","297","al-dia","Yape / Plin","Ago 2026","2026-08-01","2026-08-31","67","pendiente","","297","297","297","","pendiente","pendiente","pendiente"
"Control Pagos Excel","as-cp-53","Bruno Marcelo Juan de Dios","Familia de Dios","Guitarra clásica","Nivel 2","Jeremy","Regular (8 clases / 45 min)","activo","JUVENIL","17","995954060","alumno_53@vibramusic.pe","15 de Enero","Mensual","297","0","297","al-dia","Yape / Plin","Ago 2026","2026-08-01","2026-08-31","67","pendiente","","297","297","297","","pendiente","pendiente","pendiente"
"Control Pagos Excel","as-cp-54","Boris Axel Marcelo Juan de Dios","Familia de Dios","Piano","Nivel 2","Fernando","Regular (8 clases / 45 min)","activo","JUVENIL","14","995954060","alumno_54@vibramusic.pe","15 de Mayo","Mensual","297","0","297","al-dia","Yape / Plin","Ago 2026","2026-08-01","2026-08-31","67","pendiente","","297","297","297","","pendiente","pendiente","pendiente"
"Control Pagos Excel","as-cp-55","Antonella Osorio Huaman","Familia Osorio Huaman","Piano","Nivel 2","Fernando","Regular (8 clases / 45 min)","activo","JUNIOR","11","969065775","alumno_55@vibramusic.pe","15 de Julio","Mensual","297","0","297","al-dia","Yape / Plin","Ago 2026","2026-08-01","2026-08-31","67","pendiente","","297","297","297","","pendiente","pendiente","pendiente"
"Control Pagos Excel","as-cp-56","Liliana Mandujano","Familia Liliana Mandujano","Piano","Nivel 1","Fernando","Regular (8 clases / 45 min)","activo","JUNIOR","8","928570603","alumno_56@vibramusic.pe","15 de Agosto","Mensual","297","0","297","al-dia","Yape / Plin","Ago 2026","2026-08-01","2026-08-31","67","pendiente","","297","297","297","","pendiente","pendiente","pendiente"
"Control Pagos Excel","as-cp-57","Micaela Sofia Vilchez","Familia Sofia Vilchez","Guitarra clásica","Nivel 2","Jeremy","Regular (8 clases / 45 min)","activo","JUNIOR","11","952324832","alumno_57@vibramusic.pe","15 de Junio","Mensual","297","0","297","al-dia","Yape / Plin","Ago 2026","2026-08-01","2026-08-31","67","pendiente","","297","297","297","","pendiente","pendiente","pendiente"
"Control Pagos Excel","as-cp-58","Carlos Carhuachin","Familia Carlos Carhuachin","Violín","Nivel 2","Fernando","Regular (8 clases / 45 min)","baja","JUNIOR","12","991279213","alumno_58@vibramusic.pe","15 de Mayo","Mensual","297","0","0","pendiente","Yape / Plin","Ago 2026","2026-08-01","2026-08-31","67","pendiente","","297","297","297","","pendiente","pendiente","pendiente"
"Control Pagos Excel","as-cp-59","Samantha Castillo","Familia Samantha Castillo","Violín","Nivel 1","Fernando","Regular (8 clases / 45 min)","activo","JUNIOR","8","960580399","alumno_59@vibramusic.pe","15 de Agosto","Mensual","297","0","297","al-dia","Yape / Plin","Ago 2026","2026-08-01","2026-08-31","67","pendiente","","297","297","297","","pendiente","pendiente","pendiente"
"Control Pagos Excel","as-cp-60","Niah Jimena Montalvo Huerta","Familia Montalvo Huerta","Piano Infantil","Iniciación Musical","Nathaly","Regular (8 clases / 45 min)","activo","JUNIOR","4","935993601","alumno_60@vibramusic.pe","15 de Noviembre","Mensual","297","0","297","al-dia","Yape / Plin","Ago 2026","2026-08-01","2026-08-31","67","pendiente","","297","297","297","","pendiente","pendiente","pendiente"
"Control Pagos Excel","as-cp-61","Carolina Luna Tito","Familia Luna Tito","Guitarra clásica","Nivel 2","Jeremy","Regular (8 clases / 45 min)","activo","ADULTO","38","936370723","alumno_61@vibramusic.pe","15 de Noviembre","Mensual","297","0","297","al-dia","Yape / Plin","Ago 2026","2026-08-01","2026-08-31","67","pendiente","","297","297","297","","pendiente","pendiente","pendiente"
"Control Pagos Excel","as-cp-62","Flavia Nicole Concepcion","Familia Nicole Concepcion","Piano","Nivel 2","Fernando","Regular (8 clases / 45 min)","activo","JUNIOR","12","933125352","alumno_62@vibramusic.pe","15 de Julio","Mensual","297","0","297","al-dia","Yape / Plin","Ago 2026","2026-08-01","2026-08-31","67","pendiente","","297","297","297","","pendiente","pendiente","pendiente"
"Control Pagos Excel","as-cp-63","Fabiana Arroyo Tineo","Familia Arroyo Tineo","Piano","Nivel 1","Fernando","Regular (8 clases / 45 min)","activo","JUNIOR","9","966716051","alumno_63@vibramusic.pe","15 de Agosto","Mensual","297","0","297","al-dia","Yape / Plin","Ago 2026","2026-08-01","2026-08-31","67","pendiente","","297","297","297","","pendiente","pendiente","pendiente"
"Control Pagos Excel","as-cp-64","Thaisa Lucero Dyarce Cruz","Familia Dyarce Cruz","Batería","Nivel 1","Jeremy","Regular (8 clases / 45 min)","activo","JUNIOR","9","989708032","alumno_64@vibramusic.pe","15 de Febrero","Mensual","297","0","297","al-dia","Yape / Plin","Ago 2026","2026-08-01","2026-08-31","67","pendiente","","297","297","297","","pendiente","pendiente","pendiente"
"Control Pagos Excel","as-cp-65","Valerie Yidda Angulo","Familia Yidda Angulo","Violín","Nivel 2","Fernando","Regular (8 clases / 45 min)","activo","JUNIOR","11","934164251","alumno_65@vibramusic.pe","15 de Enero","Mensual","297","0","297","al-dia","Yape / Plin","Ago 2026","2026-08-01","2026-08-31","67","pendiente","","297","297","297","","pendiente","pendiente","pendiente"
"Control Pagos Excel","as-cp-66","Sofía De la Cruz Vellaneda","Familia Cruz Vellaneda","Violín","Nivel 2","Fernando","Regular (8 clases / 45 min)","activo","ADULTO","19","987584730","alumno_66@vibramusic.pe","15 de Diciembre","Mensual","297","0","297","al-dia","Yape / Plin","Ago 2026","2026-08-01","2026-08-31","67","pendiente","","297","297","297","","pendiente","pendiente","pendiente"
"Control Pagos Excel","as-cp-67","Antonela Diaz Sanchez","Familia Diaz Sanchez","Canto","Nivel 2","Nathaly","Regular (8 clases / 45 min)","activo","ADULTO","22","923080434","alumno_67@vibramusic.pe","15 de Junio","Mensual","297","0","297","al-dia","Yape / Plin","Ago 2026","2026-08-01","2026-08-31","67","pendiente","","297","297","297","","pendiente","pendiente","pendiente"
"Control Pagos Excel","as-cp-68","Sara Xiamena Ortiz Vivas","Familia Ortiz Vivas","Guitarra clásica","Nivel 2","Jeremy","Regular (8 clases / 45 min)","activo","JUVENIL","16","923785176","alumno_68@vibramusic.pe","15 de Agosto","Mensual","297","0","297","al-dia","Yape / Plin","Ago 2026","2026-08-01","2026-08-31","67","pendiente","","297","297","297","","pendiente","pendiente","pendiente"
"Control Pagos Excel","as-cp-69","Camila Valentina Pastor Conco","Familia Pastor Conco","Violín","Nivel 1","Fernando","Regular (8 clases / 45 min)","activo","JUNIOR","10","910875526","alumno_69@vibramusic.pe","15 de Febrero","Mensual","297","0","297","al-dia","Yape / Plin","Ago 2026","2026-09-10","2026-10-09","67","pendiente","","297","297","297","","pendiente","pendiente","pendiente"
"Control Pagos Excel","as-cp-70","Asaf Chipana Urribarri","Familia Chipana Urribarri","Batería","Nivel 1","Jeremy","Regular (8 clases / 45 min)","activo","JUNIOR","7","987404984","alumno_70@vibramusic.pe","15 de Mayo","Mensual","297","0","297","al-dia","Yape / Plin","Ago 2026","2026-08-01","2026-08-31","67","pendiente","","297","297","297","","pendiente","pendiente","pendiente"
"Control Pagos Excel","as-cp-71","Liam Huanca Huamantupa","Familia Huanca Huamantupa","Piano","Nivel 1","Fernando","Regular (8 clases / 45 min)","baja","JUNIOR","9","969085167","alumno_71@vibramusic.pe","15 de Noviembre","Mensual","297","0","0","pendiente","Yape / Plin","Ago 2026","2026-08-01","2026-08-31","67","pendiente","","297","297","297","","pendiente","pendiente","pendiente"
"Control Pagos Excel","as-cp-72","Emma Sevilla Perez","Familia Sevilla Perez","Piano","Nivel 1","Fernando","Regular (8 clases / 45 min)","activo","JUNIOR","7","986740292","alumno_72@vibramusic.pe","15 de Abril","Mensual","297","0","297","al-dia","Yape / Plin","Ago 2026","2026-08-01","2026-08-31","67","pendiente","","297","297","297","","pendiente","pendiente","pendiente"
"Control Pagos Excel","as-cp-73","Aarón Balarezo Sosa","Familia Balarezo Sosa","Piano","Nivel 1","Fernando","Regular (8 clases / 45 min)","activo","JUNIOR","10","920493604","alumno_73@vibramusic.pe","15 de Abril","Mensual","297","0","297","al-dia","Yape / Plin","Ago 2026","2026-08-01","2026-08-31","67","pendiente","","297","297","297","","pendiente","pendiente","pendiente"
"Control Pagos Excel","as-cp-74","Giusseppe Granda Suarez","Familia Granda Suarez","Batería","Nivel 1","Jeremy","Regular (8 clases / 45 min)","activo","JUNIOR","8","940776497","alumno_74@vibramusic.pe","15 de Agosto","Mensual","297","0","297","al-dia","Yape / Plin","Ago 2026","2026-08-01","2026-08-31","67","pendiente","","297","297","297","","pendiente","pendiente","pendiente"
"Control Pagos Excel","as-cp-75","Mirko Malpartida","Familia Mirko Malpartida","Piano","Nivel 1","Fernando","Regular (8 clases / 45 min)","activo","JUNIOR","8","935188205","alumno_75@vibramusic.pe","15 de Agosto","Mensual","297","0","297","al-dia","Yape / Plin","Ago 2026","2026-08-01","2026-08-31","67","pendiente","","297","297","297","","pendiente","pendiente","pendiente"
"Control Pagos Excel","as-cp-76","Gael Mathias Lopez","Familia Mathias Lopez","Canto","Nivel 2","Nathaly","Regular (8 clases / 45 min)","activo","JUVENIL","17","925994271","alumno_76@vibramusic.pe","15 de junio","Mensual","297","0","297","al-dia","Yape / Plin","Ago 2026","2026-08-01","2026-08-31","67","pendiente","","297","297","297","","pendiente","pendiente","pendiente"
"Control Pagos Excel","as-cp-77","Karen Gutierrez","Familia Karen Gutierrez","Canto","Nivel 2","Nathaly","Regular (8 clases / 45 min)","activo","ADULTO","38","923277024","alumno_77@vibramusic.pe","15 de Octubre","Mensual","297","0","297","al-dia","Yape / Plin","Ago 2026","2026-08-01","2026-08-31","67","pendiente","","297","297","297","","pendiente","pendiente","pendiente"
"Control Pagos Excel","as-cp-78","Raphaela Yangali Polloac","Familia Yangali Polloac","Piano Infantil","Iniciación Musical","Nathaly","Regular (8 clases / 45 min)","activo","JUNIOR","4","962395849","alumno_78@vibramusic.pe","15 de Setiembre","Mensual","297","0","297","al-dia","Yape / Plin","Ago 2026","2026-08-01","2026-08-31","67","pendiente","","297","297","297","","pendiente","pendiente","pendiente"
"Control Pagos Excel","as-cp-79","Isabelle Yangali Polloac","Familia Yangali Polloac","Piano Infantil","Iniciación Musical","Nathaly","Regular (8 clases / 45 min)","activo","INFANTIL","6","962395850","alumno_79@vibramusic.pe","15 de Enero","Mensual","297","0","297","al-dia","Yape / Plin","Ago 2026","2026-08-01","2026-08-31","67","pendiente","","297","297","297","","pendiente","pendiente","pendiente"
"Control Pagos Excel","as-cp-80","Mishel Suarez Cardenas","Familia Suarez Cardenas","Guitarra clásica","Nivel 2","Jeremy","Regular (8 clases / 45 min)","baja","ADULTO","18","970855468","alumno_80@vibramusic.pe","15 de Setiembre","Mensual","297","0","0","pendiente","Yape / Plin","Ago 2026","2026-08-01","2026-08-31","67","pendiente","","297","297","297","","pendiente","pendiente","pendiente"
"Control Pagos Excel","as-cp-81","Lireth Aguilar Alberca","Familia Aguilar Alberca","Canto","Nivel 2","Nathaly","Regular (8 clases / 45 min)","baja","ADULTO","21","907479667","alumno_81@vibramusic.pe","15 de Abril","Mensual","297","0","0","pendiente","Yape / Plin","Ago 2026","2026-08-01","2026-08-31","67","pendiente","","297","297","297","","pendiente","pendiente","pendiente"
"Control Pagos Excel","as-cp-82","Yasumi Cielo Chamorro Amasifuen","Familia Chamorro Amasifuen","Piano","Nivel 2","Fernando","Regular (8 clases / 45 min)","activo","JUVENIL","17","922781091","alumno_82@vibramusic.pe","15 de Agosto","Mensual","297","0","297","al-dia","Yape / Plin","Ago 2026","2026-08-01","2026-08-31","67","pendiente","","297","297","297","","pendiente","pendiente","pendiente"
"Control Pagos Excel","as-cp-83","Gustavo Tenorio","Familia Gustavo Tenorio","Guitarra clásica","Nivel 2","Jeremy","Regular (8 clases / 45 min)","activo","ADULTO","54","986933521","alumno_83@vibramusic.pe","15 de Febrero","Mensual","297","0","297","al-dia","Yape / Plin","Ago 2026","2026-08-01","2026-08-31","67","pendiente","","297","297","297","","pendiente","pendiente","pendiente"
"Admin Seeds","as-2","Mattew Castillo","Familia Castillo","Violín","Nivel 1","Fernando","Regular (8 clases / 45 min)","activo","","","+51 900 000 000","mattew.castillo@gmail.com","15 de Agosto","Mensual","297","0","0","al-dia","Yape / Plin","Ago 2026","","","67","pendiente","Alumno importado del registro oficial.","","","","","","",""
"Admin Seeds","as-3","Aaron Balarezo Sosa","Familia Balarezo","Violín","Nivel 1","Fernando","Regular (8 clases / 45 min)","activo","","","+51 900 000 000","aaron.balarezo.sosa@gmail.com","15 de Agosto","Mensual","297","0","0","al-dia","Yape / Plin","Ago 2026","","","67","pendiente","Alumno importado del registro oficial.","","","","","","",""
"Admin Seeds","as-4","Kiara Mariño Huachuilca","Familia Mariño","Canto","Nivel 1","Nathaly","Regular (8 clases / 45 min)","activo","","","+51 900 000 000","kiara.marino.huachuilca@gmail.com","15 de Agosto","Mensual","297","0","0","al-dia","Yape / Plin","Ago 2026","","","67","pendiente","Alumno importado del registro oficial.","","","","","","",""
"Admin Seeds","as-5","Adonis Yared","Familia Yared","Canto","Nivel 1","Nathaly","Regular (8 clases / 45 min)","activo","","","+51 900 000 000","adonis.yared@gmail.com","15 de Agosto","Mensual","297","0","0","al-dia","Yape / Plin","Ago 2026","","","67","pendiente","Alumno importado del registro oficial.","","","","","","",""
"Admin Seeds","as-6","Micaela Vilchez Oroncoy","Familia Vilchez","Guitarra","Nivel 1","Jeremy","Regular (8 clases / 45 min)","activo","","","+51 900 000 000","micaela.vilchez.oroncoy@gmail.com","15 de Agosto","Mensual","297","0","0","al-dia","Yape / Plin","Ago 2026","","","67","pendiente","Alumno importado del registro oficial.","","","","","","",""
"Admin Seeds","as-7","Emmanuel Rospligiosi Gonzales","Familia Rospligiosi","Guitarra","Nivel 1","Jeremy","Regular (8 clases / 45 min)","activo","","","+51 900 000 000","emmanuel.rospligiosi.gonzales@gmail.com","15 de Agosto","Mensual","297","0","0","al-dia","Yape / Plin","Ago 2026","","","67","pendiente","Alumno importado del registro oficial.","","","","","","",""
"Admin Seeds","as-9","Joan Paolo","Familia Paolo","Canto","Nivel 1","Nathaly","Personalizada (S/ 50 por clase)","activo","ADULTO","24","+51 900 000 000","joan.paolo@gmail.com","15 de Agosto","Mensual","297","0","0","al-dia","Yape / Plin","Ago 2026","","","67","pendiente","Alumno importado del registro oficial.","","","","","","",""
"Admin Seeds","as-11","Layla Mariapaula Florindez Aguilar","Familia Florindez","Violín","Nivel 1","Fernando","Regular (8 clases / 45 min)","activo","","","+51 900 000 000","layla.mariapaula.florindez.aguilar@gmail.com","15 de Agosto","Mensual","297","0","0","al-dia","Yape / Plin","Ago 2026","","","67","pendiente","Alumno importado del registro oficial.","","","","","","",""
"Admin Seeds","as-12","Eithan David Florindez Aguilar","Familia Florindez","Piano Infantil","Nivel 1","Nathaly","Regular (8 clases / 45 min)","activo","","","+51 900 000 000","eithan.david.florindez.aguilar@gmail.com","15 de Agosto","Mensual","297","0","0","al-dia","Yape / Plin","Ago 2026","","","67","pendiente","Alumno importado del registro oficial.","","","","","","",""
"Admin Seeds","as-14","Raphaela Yangali","Familia Yangali","Piano Infantil","Nivel 1","Nathaly","Regular (8 clases / 45 min)","activo","","","+51 900 000 000","raphaela.yangali@gmail.com","15 de Agosto","Mensual","297","0","0","al-dia","Yape / Plin","Ago 2026","","","67","pendiente","Alumno importado del registro oficial.","","","","","","",""
"Admin Seeds","as-15","Isabella Yangali","Familia Yangali","Piano Infantil","Nivel 1","Nathaly","Regular (8 clases / 45 min)","activo","","","+51 900 000 000","isabella.yangali@gmail.com","15 de Agosto","Mensual","297","0","0","al-dia","Yape / Plin","Ago 2026","","","67","pendiente","Alumno importado del registro oficial.","","","","","","",""
"Admin Seeds","as-16","Johandry Sanchez Justa","Familia Sanchez","Batería","Nivel 1","Jeremy","Regular (8 clases / 45 min)","activo","","","+51 900 000 000","johandry.sanchez.justa@gmail.com","15 de Agosto","Mensual","297","0","0","al-dia","Yape / Plin","Ago 2026","","","67","pendiente","Alumno importado del registro oficial.","","","","","","",""
"Admin Seeds","as-17","Francesco Irribarren Paz","Familia Irribarren","Piano","Nivel 1","Fernando","Regular (8 clases / 45 min)","activo","","","+51 900 000 000","francesco.irribarren.paz@gmail.com","15 de Agosto","Mensual","297","0","0","al-dia","Yape / Plin","Ago 2026","","","67","pendiente","Alumno importado del registro oficial.","","","","","","",""
"Admin Seeds","as-21","Thaisa Oyarce","Familia Oyarce","Batería","Nivel 1","Jeremy","Regular (8 clases / 45 min)","activo","","","+51 900 000 000","thaisa.oyarce@gmail.com","15 de Agosto","Mensual","297","0","0","al-dia","Yape / Plin","Ago 2026","","","67","pendiente","Alumno importado del registro oficial.","","","","","","",""
"Admin Seeds","as-23","Valerie Angulo Chipana","Familia Angulo","Violín","Nivel 1","Fernando","Regular (8 clases / 45 min)","activo","","","+51 900 000 000","valerie.angulo.chipana@gmail.com","15 de Agosto","Mensual","297","0","0","al-dia","Yape / Plin","Ago 2026","","","67","pendiente","Alumno importado del registro oficial.","","","","","","",""
"Admin Seeds","as-24","Francezca Esther Aylas Naupari","Familia Aylas","Piano Infantil","Nivel 1","Nathaly","Regular (8 clases / 45 min)","activo","","","+51 900 000 000","francezca.esther.aylas.naupari@gmail.com","15 de Agosto","Mensual","297","0","0","al-dia","Yape / Plin","Ago 2026","","","67","pendiente","Alumno importado del registro oficial.","","","","","","",""
"Admin Seeds","as-25","Leonardo Franco Cabrera","Familia Franco","Piano Infantil","Nivel 1","Nathaly","Regular (8 clases / 45 min)","activo","","","+51 900 000 000","leonardo.franco.cabrera@gmail.com","15 de Agosto","Mensual","297","0","0","al-dia","Yape / Plin","Ago 2026","","","67","pendiente","Alumno importado del registro oficial.","","","","","","",""
"Admin Seeds","as-26","Andrea Mesa Llallahui","Familia Mesa","Batería","Nivel 1","Jeremy","Regular (8 clases / 45 min)","activo","","","+51 900 000 000","andrea.mesa.llallahui@gmail.com","15 de Agosto","Mensual","297","0","0","al-dia","Yape / Plin","Ago 2026","","","67","pendiente","Alumno importado del registro oficial.","","","","","","",""
"Admin Seeds","as-27","Giuseppe Granda Suarez","Familia Granda","Batería","Nivel 1","Jeremy","Regular (8 clases / 45 min)","activo","","","+51 900 000 000","giuseppe.granda.suarez@gmail.com","15 de Agosto","Mensual","297","0","0","al-dia","Yape / Plin","Ago 2026","","","67","pendiente","Alumno importado del registro oficial.","","","","","","",""
"Admin Seeds","as-28","Iker Samán Conislla Huerta","Familia Conislla","Piano","Nivel 1","Fernando","Regular (8 clases / 45 min)","activo","","","+51 900 000 000","iker.saman.conislla.huerta@gmail.com","15 de Agosto","Mensual","297","0","0","al-dia","Yape / Plin","Ago 2026","","","67","pendiente","Alumno importado del registro oficial.","","","","","","",""
"Admin Seeds","as-29","Ivanna Soto","Familia Soto","Piano","Nivel 1","Fernando","Regular (8 clases / 45 min)","activo","","","+51 900 000 000","ivanna.soto@gmail.com","15 de Agosto","Mensual","297","0","0","al-dia","Yape / Plin","Ago 2026","","","67","pendiente","Alumno importado del registro oficial.","","","","","","",""
"Admin Seeds","as-30","Sara Ximena Ortiz Vivas","Familia Ortiz","Guitarra","Nivel 1","Jeremy","Regular (8 clases / 45 min)","activo","","","+51 900 000 000","sara.ximena.ortiz.vivas@gmail.com","15 de Agosto","Mensual","297","0","0","al-dia","Yape / Plin","Ago 2026","","","67","pendiente","Alumno importado del registro oficial.","","","","","","",""
"Admin Seeds","as-31","Marco Antonio Adrian","Familia Adrian","Guitarra","Nivel 1","Jeremy","Regular (8 clases / 45 min)","activo","","","+51 900 000 000","marco.antonio.adrian@gmail.com","15 de Agosto","Mensual","297","0","0","al-dia","Yape / Plin","Ago 2026","","","67","pendiente","Alumno importado del registro oficial.","","","","","","",""
"Admin Seeds","as-32","Samantha Castillo Rivera","Familia Castillo","Violín","Nivel 1","Fernando","Regular (8 clases / 45 min)","activo","","","+51 900 000 000","samantha.castillo.rivera@gmail.com","15 de Agosto","Mensual","297","0","0","al-dia","Yape / Plin","Ago 2026","","","67","pendiente","Alumno importado del registro oficial.","","","","","","",""
"Admin Seeds","as-33","Camila Pastor Conco","Familia Pastor","Violín","Nivel 1","Fernando","Regular (8 clases / 45 min)","activo","","","+51 900 000 000","camila.pastor.conco@gmail.com","15 de Agosto","Mensual","297","0","0","al-dia","Yape / Plin","Ago 2026","","","67","pendiente","Alumno importado del registro oficial.","","","","","","",""
"Admin Seeds","as-34","Celeste Elizabeth García Zúñiga","Familia García","Canto","Nivel 1","Nathaly","Regular (8 clases / 45 min)","activo","","","+51 900 000 000","celeste.elizabeth.garcia.zuniga@gmail.com","15 de Agosto","Mensual","297","0","0","al-dia","Yape / Plin","Ago 2026","","","67","pendiente","Alumno importado del registro oficial.","","","","","","",""
"Admin Seeds","as-35","Sasha Contreras","Familia Contreras","Canto","Nivel 1","Nathaly","Regular (8 clases / 45 min)","activo","","","+51 900 000 000","sasha.contreras@gmail.com","15 de Agosto","Mensual","297","0","0","al-dia","Yape / Plin","Ago 2026","","","67","pendiente","Alumno importado del registro oficial.","","","","","","",""
"Admin Seeds","as-36","Kenny Armando Llallahui Alvarado","Familia Llallahui","Guitarra","Nivel 1","Jeremy","Regular (8 clases / 45 min)","activo","","","+51 900 000 000","kenny.armando.llallahui.alvarado@gmail.com","15 de Agosto","Mensual","297","0","0","al-dia","Yape / Plin","Ago 2026","","","67","pendiente","Alumno importado del registro oficial.","","","","","","",""
"Admin Seeds","as-37","Angel Bruno Marcelo","Familia Marcelo","Guitarra","Nivel 1","Jeremy","Regular (8 clases / 45 min)","activo","","","+51 900 000 000","angel.bruno.marcelo@gmail.com","15 de Agosto","Mensual","297","0","0","al-dia","Yape / Plin","Ago 2026","","","67","pendiente","Alumno importado del registro oficial.","","","","","","",""
"Admin Seeds","as-40","Santiago Valladolid","Familia Valladolid","Batería","Nivel 1","Jeremy","Regular (8 clases / 45 min)","activo","","","+51 900 000 000","santiago.valladolid@gmail.com","15 de Agosto","Mensual","297","0","0","al-dia","Yape / Plin","Ago 2026","","","67","pendiente","Alumno importado del registro oficial.","","","","","","",""
"Admin Seeds","as-41","Gabriel Alvarez Galarreta","Familia Alvarez","Batería","Nivel 1","Jeremy","Regular (8 clases / 45 min)","activo","","","+51 900 000 000","gabriel.alvarez.galarreta@gmail.com","15 de Agosto","Mensual","297","0","0","al-dia","Yape / Plin","Ago 2026","","","67","pendiente","Alumno importado del registro oficial.","","","","","","",""
"Admin Seeds","as-42","Boris Axel Marcelo","Familia Marcelo","Piano","Nivel 1","Fernando","Regular (8 clases / 45 min)","activo","","","+51 900 000 000","boris.axel.marcelo@gmail.com","15 de Agosto","Mensual","297","0","0","al-dia","Yape / Plin","Ago 2026","","","67","pendiente","Alumno importado del registro oficial.","","","","","","",""
"Admin Seeds","as-43","Miranda Aquino","Familia Aquino","Piano","Nivel 1","Fernando","Regular (8 clases / 45 min)","activo","","","+51 900 000 000","miranda.aquino@gmail.com","15 de Agosto","Mensual","297","0","0","al-dia","Yape / Plin","Ago 2026","","","67","pendiente","Alumno importado del registro oficial.","","","","","","",""
"Admin Seeds","as-44","Mathias Lopez Loayza","Familia Lopez","Canto","Nivel 1","Nathaly","Regular (8 clases / 45 min)","activo","","","+51 900 000 000","mathias.lopez.loayza@gmail.com","15 de Agosto","Mensual","297","0","0","al-dia","Yape / Plin","Ago 2026","","","67","pendiente","Alumno importado del registro oficial.","","","","","","",""
"Admin Seeds","as-45","Luis Soto","Familia Soto","Canto","Nivel 1","Nathaly","Regular (8 clases / 45 min)","activo","","","+51 900 000 000","luis.soto@gmail.com","15 de Agosto","Mensual","297","0","0","al-dia","Yape / Plin","Ago 2026","","","67","pendiente","Alumno importado del registro oficial.","","","","","","",""
"Admin Seeds","as-46","Luciano Franco Cabrera","Familia Franco","Canto","Nivel 1","Nathaly","Regular (8 clases / 45 min)","activo","","","+51 900 000 000","luciano.franco.cabrera@gmail.com","15 de Agosto","Mensual","297","0","0","al-dia","Yape / Plin","Ago 2026","","","67","pendiente","Alumno importado del registro oficial.","","","","","","",""
"Admin Seeds","as-47","Adonis Yeret Tocas Vasquez","Familia Tocas","Canto","Nivel 1","Nathaly","Regular (8 clases / 45 min)","activo","","","+51 900 000 000","adonis.yeret.tocas.vasquez@gmail.com","15 de Agosto","Mensual","297","0","0","al-dia","Yape / Plin","Ago 2026","","","67","pendiente","Alumno importado del registro oficial.","","","","","","",""
"Admin Seeds","as-48","Flavia Concepción Cutisac","Familia Concepción","Piano","Nivel 1","Fernando","Regular (8 clases / 45 min)","activo","","","+51 900 000 000","flavia.concepcion.cutisac@gmail.com","15 de Agosto","Mensual","297","0","0","al-dia","Yape / Plin","Ago 2026","","","67","pendiente","Alumno importado del registro oficial.","","","","","","",""
"Admin Seeds","as-52","Juan Mateo Azael","Familia Azael","Canto","Nivel 1","Nathaly","Regular (8 clases / 45 min)","activo","","","+51 900 000 000","juan.mateo.azael@gmail.com","15 de Agosto","Mensual","297","0","0","al-dia","Yape / Plin","Ago 2026","","","67","pendiente","Alumno importado del registro oficial.","","","","","","",""
"Admin Seeds","as-53","Krizia Verástegui Picón","Familia Verástegui","Guitarra","Nivel 1","Jeremy","Regular (8 clases / 45 min)","activo","","","+51 900 000 000","krizia.verastegui.picon@gmail.com","15 de Agosto","Mensual","297","0","0","al-dia","Yape / Plin","Ago 2026","","","67","pendiente","Alumno importado del registro oficial.","","","","","","",""
"Admin Seeds","as-54","Geraldine Dulce","Familia Dulce","Piano","Nivel 1","Fernando","Regular (8 clases / 45 min)","activo","","","+51 900 000 000","geraldine.dulce@gmail.com","15 de Agosto","Mensual","297","0","0","al-dia","Yape / Plin","Ago 2026","","","67","pendiente","Alumno importado del registro oficial.","","","","","","",""
"Admin Seeds","as-55","Dulce","Familia Dulce","Canto","Nivel 1","Nathaly","Regular (8 clases / 45 min)","activo","","","+51 900 000 000","dulce@gmail.com","15 de Agosto","Mensual","297","0","0","al-dia","Yape / Plin","Ago 2026","","","67","pendiente","Alumno importado del registro oficial.","","","","","","",""
"Admin Seeds","as-56","Abigail Zarate","Familia Zarate","Piano","Nivel 1","Fernando","Regular (8 clases / 45 min)","activo","","","+51 900 000 000","abigail.zarate@gmail.com","15 de Agosto","Mensual","297","0","0","al-dia","Yape / Plin","Ago 2026","","","67","pendiente","Alumno importado del registro oficial.","","","","","","",""
"Admin Seeds","as-57","Thiago Manuel Verástegui Picón","Familia Verástegui","Batería","Nivel 1","Jeremy","Regular (8 clases / 45 min)","activo","","","+51 900 000 000","thiago.manuel.verastegui.picon@gmail.com","15 de Agosto","Mensual","297","0","0","al-dia","Yape / Plin","Ago 2026","","","67","pendiente","Alumno importado del registro oficial.","","","","","","",""
"Admin Seeds","as-58","Uriel Anton","Familia Anton","Batería","Nivel 1","Jeremy","Regular (8 clases / 45 min)","activo","","","+51 900 000 000","uriel.anton@gmail.com","15 de Agosto","Mensual","297","0","0","al-dia","Yape / Plin","Ago 2026","","","67","pendiente","Alumno importado del registro oficial.","","","","","","",""
"Admin Seeds","as-59","Juan Diego Flores Basturen","Familia Flores","Batería","Nivel 1","Jeremy","Regular (8 clases / 45 min)","activo","","","+51 900 000 000","juan.diego.flores.basturen@gmail.com","15 de Agosto","Mensual","297","0","0","al-dia","Yape / Plin","Ago 2026","","","67","pendiente","Alumno importado del registro oficial.","","","","","","",""
"Admin Seeds","as-60","Stefan Yrco Samaniego","Familia Yrco","Batería","Nivel 1","Jeremy","Regular (8 clases / 45 min)","activo","","","+51 900 000 000","stefan.yrco.samaniego@gmail.com","15 de Agosto","Mensual","297","0","0","al-dia","Yape / Plin","Ago 2026","","","67","pendiente","Alumno importado del registro oficial.","","","","","","",""
"Admin Seeds","as-61","Eitan Anton Chapi","Familia Anton","Piano","Nivel 1","Fernando","Regular (8 clases / 45 min)","activo","","","+51 900 000 000","eitan.anton.chapi@gmail.com","15 de Agosto","Mensual","297","0","0","al-dia","Yape / Plin","Ago 2026","","","67","pendiente","Alumno importado del registro oficial.","","","","","","",""
"Admin Seeds","as-63","Liam Jesús Sánchez Sánchez","Familia Sánchez","Piano","Nivel 1","Fernando","Regular (8 clases / 45 min)","activo","","","+51 900 000 000","liam.jesus.sanchez.sanchez@gmail.com","15 de Agosto","Mensual","297","0","0","al-dia","Yape / Plin","Ago 2026","","","67","pendiente","Alumno importado del registro oficial.","","","","","","",""
"Admin Seeds","as-64","Ivanna Soto Soto","Familia Soto","Piano","Nivel 1","Fernando","Regular (8 clases / 45 min)","activo","","","+51 900 000 000","ivanna.soto.soto@gmail.com","15 de Agosto","Mensual","297","0","0","al-dia","Yape / Plin","Ago 2026","","","67","pendiente","Alumno importado del registro oficial.","","","","","","",""
"Admin Seeds","as-67","Junior Gabriel Anton","Familia Anton","Guitarra","Nivel 1","Jeremy","Regular (8 clases / 45 min)","activo","","","+51 900 000 000","junior.gabriel.anton@gmail.com","15 de Agosto","Mensual","297","0","0","al-dia","Yape / Plin","Ago 2026","","","67","pendiente","Alumno importado del registro oficial.","","","","","","",""
"Admin Seeds","as-68","Yajaira Ayquipa Zae","Familia Ayquipa","Guitarra","Nivel 1","Jeremy","Regular (8 clases / 45 min)","activo","","","+51 900 000 000","yajaira.ayquipa.zae@gmail.com","15 de Agosto","Mensual","297","0","0","al-dia","Yape / Plin","Ago 2026","","","67","pendiente","Alumno importado del registro oficial.","","","","","","",""
"Admin Seeds","as-69","Juan Diego Huerta Mitma","Familia Huerta","Guitarra","Nivel 1","Jeremy","Regular (8 clases / 45 min)","activo","","","+51 900 000 000","juan.diego.huerta.mitma@gmail.com","15 de Agosto","Mensual","297","0","0","al-dia","Yape / Plin","Ago 2026","","","67","pendiente","Alumno importado del registro oficial.","","","","","","",""
"Admin Seeds","as-70","Maryfer Farfan Mendoza","Familia Farfan","Guitarra","Nivel 1","Jeremy","Regular (8 clases / 45 min)","activo","","","+51 900 000 000","maryfer.farfan.mendoza@gmail.com","15 de Agosto","Mensual","297","0","0","al-dia","Yape / Plin","Ago 2026","","","67","pendiente","Alumno importado del registro oficial.","","","","","","",""
"Admin Seeds","as-71","Marycielo Nicole Farfan Mendoza","Familia Farfan","Piano","Nivel 1","Fernando","Regular (8 clases / 45 min)","activo","","","+51 900 000 000","marycielo.nicole.farfan.mendoza@gmail.com","15 de Agosto","Mensual","297","0","0","al-dia","Yape / Plin","Ago 2026","","","67","pendiente","Alumno importado del registro oficial.","","","","","","",""
"Admin Seeds","as-72","Abigail Zarate Alcatraz","Familia Zarate","Piano","Nivel 1","Fernando","Regular (8 clases / 45 min)","activo","","","+51 900 000 000","abigail.zarate.alcatraz@gmail.com","15 de Agosto","Mensual","297","0","0","al-dia","Yape / Plin","Ago 2026","","","67","pendiente","Alumno importado del registro oficial.","","","","","","",""
"Admin Seeds","as-73","Miguel Angel","Familia Angel","Piano","Nivel 1","Fernando","Regular (8 clases / 45 min)","activo","","","+51 900 000 000","miguel.angel@gmail.com","15 de Agosto","Mensual","297","0","0","al-dia","Yape / Plin","Ago 2026","","","67","pendiente","Alumno importado del registro oficial.","","","","","","",""
"Admin Seeds","as-74","Mia Lucero Bellido Alvan","Familia Bellido","Canto","Nivel 1","Nathaly","Regular (8 clases / 45 min)","activo","","","+51 900 000 000","mia.lucero.bellido.alvan@gmail.com","15 de Agosto","Mensual","297","0","0","al-dia","Yape / Plin","Ago 2026","","","67","pendiente","Alumno importado del registro oficial.","","","","","","",""
"Admin Seeds","as-77","Mateo Salvador Malpartida Ramos","Familia Malpartida","Guitarra","Nivel 1","Jeremy","Regular (8 clases / 45 min)","activo","","","+51 900 000 000","mateo.salvador.malpartida.ramos@gmail.com","15 de Agosto","Mensual","297","0","0","al-dia","Yape / Plin","Ago 2026","","","67","pendiente","Alumno importado del registro oficial.","","","","","","",""
"Admin Seeds","as-78","Carlos Carhuachin Sahuaraura","Familia Carhuachin","Violín","Nivel 1","Fernando","Regular (8 clases / 45 min)","activo","","","+51 900 000 000","carlos.carhuachin.sahuaraura@gmail.com","15 de Agosto","Mensual","297","0","0","al-dia","Yape / Plin","Ago 2026","","","67","pendiente","Alumno importado del registro oficial.","","","","","","",""